{
    "0a0a1549-40f4-421d-b642-f8b51988d2e0.jpg": {
        "x": 30.0,
        "y": 15.0,
        "size": 25.789473684210527
    },
    "a9815abf-233f-4121-ab95-66e1ecc4e420.jpg": {
        "x": 39.76608187134503,
        "y": 21.637426900584796,
        "size": 23.157894736842103
    },
    "78db55d3-81d4-4260-8546-cec2d0aa8818.jpg": {
        "x": 28.07017543859649,
        "y": 22.807017543859647,
        "size": 29.473684210526315
    },
    "547940c0-e77d-4fb9-8e8a-f56b324eccb0.jpg": {
        "x": 36.25730994152047,
        "y": 27.485380116959064,
        "size": 26.31578947368421
    }
}